"","Trial","Segment","Direction","Duration","VerticalSize","PeakVerticalVelocity","PeakVerticalAcceleration","HorizontalSize","StraightnessError","Slant","LoopSurface","RelativeInitialSlant","RelativeTimeToPeakVerticalVelocity","RelativePenDownDuration","RelativeDurationofPrimary","RelativeSizeofPrimary","AbsoluteSize","AverageAbsoluteVelocity","Roadlength","AbsoluteyJerk","NormalizedyJerk","AverageNormalizedyJerkPerTrial","AbsoluteJerk","NormalizedJerk","AverageNormalizedJerkPerTrial","NumberOfPeakAccelerationPoints","AveragePenPressure"
"1","unk1",1,1,0.0894,0.0826,1.6658,53.6843,-0.0946,0.0604,2.3458,0,-0.0996,0.494,1,0,0,0.1256,1.5377,0.1375,580.494,7.8102,173.998,617.42,8.307,293.266,1,338.222
"2","unk1",2,-1,0.2604,-0.5291,-3.3324,-40.1977,-0.0362,0.1225,-1.6903,0,-0.9133,0.496,1,0,0,0.5303,2.9476,0.7674,236.992,10.9292,173.998,338.503,15.6105,293.266,1,489.308
"3","unk1",3,1,0.2688,0.4285,2.515,56.8252,0.1273,0.1451,1.3306,0,-0.7585,0.2349,1,0,0,0.447,2.4795,0.6664,370.418,21.9435,173.998,471.81,27.9499,293.266,4,629.037
"4","unk1",4,-1,0.6222,-0.395,-1.5824,-23.3085,0.1741,0.2099,-1.5045,0.001,1.3047,0.3777,0.2903,0,0,0.4316,1.2614,0.7848,239.508,119.806,173.998,751.2,375.762,293.266,5,99.7097
"5","unk1",5,1,0.2233,0.2724,2.1229,28.77,0.2388,0.0533,0.8858,0,-0.3695,0.5168,1,0,0,0.3623,1.7396,0.3884,214.757,9.8757,173.998,301.218,13.8517,293.266,3,300.045
"6","unk1",6,-1,0.212,-0.2334,-1.8526,-33.3139,0.0854,0.1007,-1.3882,4e-04,-0.4244,0.3949,1,0,0,0.2486,1.4434,0.3061,221.835,13.0666,173.998,284.057,16.7316,293.266,0,290.773
"7","unk1",7,1,0.2009,0.2088,1.7611,36.9166,0.1888,0.0432,0.9608,0,-0.297,0.3713,1,0,0,0.2815,1.5043,0.3022,228.67,10.3884,173.998,265.997,12.0841,293.266,2,345.75
"8","unk1",8,-1,0.349,-0.2449,-1.2821,-14.3068,0.0378,0.052,-1.5771,0,-0.1634,0.4035,1,0,0,0.2478,0.823,0.2872,101.831,20.9076,173.998,138.855,28.5093,293.266,4,360.324
"9","unk1",9,1,0.7373,0.2595,1.5864,27.5897,0.477,0.0966,0.5131,0,-0.2819,0.2755,1,0,0,0.543,0.9514,0.7014,306.26,186.129,173.998,423.546,257.409,293.266,8,401.378
"10","unk1",10,-1,0.1691,-0.2089,-2.2026,-39.5486,0.1746,0.1169,-1.2193,0,-0.4778,0.4886,1,0,0,0.2723,2.1389,0.3617,301.979,9.2213,173.998,610.702,18.6485,293.266,2,462.765
"11","unk1",11,1,0.4838,0.4554,1.9951,33.5793,1.0966,0.0698,0.3113,0,-0.1539,0.2296,0.0612,0,0,1.1874,3.3239,1.608,464.262,45.0032,173.998,1316.7,127.634,293.266,4,25.0408
"12","unk1",12,-1,0.1547,-0.0633,-0.77,-11.6044,-0.2253,0.0063,-2.8507,0,-0.0542,0.6646,0,0,0,0.234,1.5196,0.2352,144.646,4.1168,173.998,389.568,11.0877,293.266,2,0
"13","unk1",13,1,0.7368,0.1258,0.8385,25.0707,-0.0326,0.2199,-2.938,0,-2.731,0.0658,0.4054,0,0,0.13,0.7214,0.5315,252.946,641.354,173.998,440.46,1116.8,293.266,12,88.8919
"14","unk1",14,-1,0.3801,-0.5349,-2.3635,-17.8255,-0.1796,0.048,-1.7833,0,-0.1588,0.5339,1,0,0,0.5643,1.6132,0.6131,123.374,13.7683,173.998,183.556,20.4846,293.266,2,392.237
"15","unk1",15,1,0.1514,0.1193,1.342,30.5454,-0.0042,0.0965,1.5423,0,0.4299,0.4074,1,0,0,0.1194,1.032,0.1563,196.333,10.3746,173.998,224.84,11.881,293.266,1,415.533
"16","unk1",16,-1,0.1488,-0.1393,-1.5455,-29.4666,0.1857,0.0392,-0.7357,-0.0085,-0.1637,0.4896,1,0,0,0.2321,1.6327,0.2429,217.194,5.6474,173.998,246.195,6.4015,293.266,1,336.8
"17","unk1",17,1,0.1497,0.187,2.1636,47.0968,0.3451,0.0338,0.5936,0,0.1165,0.4255,1,0,0,0.3925,2.7256,0.408,318.041,4.9682,173.998,438.01,6.8423,293.266,2,287.067
"18","unk1",18,-1,0.3515,-0.2247,-1.5841,-28.9699,0.0046,0.1863,-2.3796,0,1.8185,0.7324,1,0,0,0.2248,1.4863,0.5224,303.849,70.0156,173.998,458.496,105.651,293.266,2,356.714
"19","unk1",19,1,0.2222,0.2121,1.6811,35.0659,0.1387,0.0919,1.07,0,-0.4989,0.3124,1,0,0,0.2534,1.5002,0.3334,197.519,12.8319,173.998,281.891,18.3132,293.266,2,452.818
"20","unk1",20,-1,0.1262,-0.0688,-0.9456,-21.3412,0.0622,0.1586,-0.843,0.003,-1.052,0.4877,1,0,0,0.0928,1.1352,0.1433,182.616,7.8795,173.998,320.593,13.8329,293.266,0,340.462
"21","unk1",21,1,0.1413,0.1488,1.8252,35.9796,0.1873,0.0503,0.7771,0,-0.2098,0.4927,1,0,0,0.2392,1.8267,0.2581,283.49,6.2914,173.998,353.331,7.8414,293.266,1,357.5
"22","unk1",22,-1,0.1598,-0.2524,-2.6741,-47.3103,-7e-04,0.0012,-1.5779,0,-0.0054,0.4886,1,0,0,0.2524,1.5837,0.2531,328.07,9.3871,173.998,340.439,9.741,293.266,1,403.25
"23","unk1",23,1,0.1318,0.2092,2.6792,56.0285,0.1432,0.0208,1.0174,0,0.0796,0.4874,1,0,0,0.2536,1.9678,0.2594,422.226,7.4312,173.998,449.776,7.916,293.266,1,471.923
"24","unk1",24,-1,0.1429,-0.2024,-2.3733,-54.6297,0.1274,0.0305,-1.1305,0,-0.0995,0.431,1,0,0,0.2391,1.7751,0.2537,342.919,7.8302,173.998,359.927,8.2186,293.266,1,385.5
"25","unk1",25,1,0.1457,0.1982,2.3984,50.3519,0.3072,0.0309,0.6524,0,0.111,0.4447,1,0,0,0.3655,2.596,0.3782,367.493,5.7594,173.998,408.87,6.4079,293.266,2,452.6
"26","unk1",26,-1,0.2852,-0.2021,-1.9261,-37.7124,-0.0455,0.1379,-2.4692,0,1.9768,0.7603,1,0,0,0.2071,1.549,0.4418,382.184,56.6974,173.998,540.256,80.1476,293.266,2,369.214
"27","unk1",27,1,0.1707,0.3805,3.751,61.2497,0.2102,0.0604,1.1283,0,-0.4134,0.4989,1,0,0,0.4347,2.8075,0.4791,407.632,7.9789,173.998,505.57,9.896,293.266,1,270.059
"28","unk1",28,-1,0.1746,-0.4003,-3.7301,-62.6573,0.1143,0.0675,-1.3612,0.0032,-0.3984,0.4804,1,0,0,0.4163,2.6762,0.4672,375.343,8.1181,173.998,506.864,10.9627,293.266,1,296.722
"29","unk1",29,1,0.2393,0.2106,2.4178,64.7807,0.3389,0.0693,0.4953,0,0.5195,0.2279,1,0,0,0.399,1.9827,0.4744,419.067,20.8018,173.998,578.082,28.6951,293.266,2,419.75
"30","unk1",30,-1,0.179,-0.1595,-1.5773,-30.2756,-0.0896,0.1347,-2.1784,1e-04,-0.4754,0.4548,1,0,0,0.1829,1.6588,0.2969,225.222,11.8,173.998,350.194,18.3476,293.266,2,392.556
"31","unk1",31,1,0.4034,0.1816,1.5039,30.1083,0.3964,0.0808,0.3492,0,0.1151,0.1846,1,0,0,0.436,1.5262,0.6156,358.358,60.0513,173.998,629.36,105.464,293.266,3,382.75
"32","unk1",32,-1,0.1443,-0.2058,-2.3946,-50.2668,-0.0189,0.0031,-1.6649,0,-0.0172,0.4598,1,0,0,0.2066,1.4375,0.2074,337.041,9.1222,173.998,372.938,10.0938,293.266,1,409.429
"33","unk1",33,1,0.1189,0.1562,2.1745,48.7472,0.191,0.0174,0.7287,0,0.0742,0.5016,1,0,0,0.2467,2.1092,0.2507,386.116,5.3887,173.998,522.65,7.2941,293.266,1,479.083
"34","unk1",34,-1,0.1081,-0.1286,-1.9503,-55.1422,0.1078,0.0607,-1.1154,0,-0.2084,0.467,1,0,0,0.1678,1.785,0.193,394.026,6.3836,173.998,538.427,8.7231,293.266,1,356.636
"35","unk1",35,1,0.1787,0.3189,2.8987,44.861,0.854,0.0075,0.3954,0,-0.0538,0.6044,0.3333,0,0,0.9116,5.1389,0.9182,374.327,3.9183,173.998,931.239,9.7479,293.266,1,168.778
"36","unk1",36,-1,0.1887,-0.5225,-5.2082,-102.524,-0.0835,0.0444,-1.835,0,0.3549,0.3889,0,0,0,0.5292,3.1925,0.6025,674.669,13.948,173.998,985.98,20.384,293.266,2,0
"37","unk1",37,1,0.2813,0.1123,0.6459,17.1906,-0.1922,0.027,2.629,0,-0.1159,0.1807,0,0,0,0.2226,0.8214,0.2311,221.84,29.5727,173.998,350.379,46.7078,293.266,4,0
"38","unk1",38,-1,0.2275,-0.0918,-0.8802,-23.8849,-0.0809,0.0142,-2.2688,0,-0.0797,0.228,0,0,0,0.1224,0.554,0.126,185.387,26.4358,173.998,243.529,34.7267,293.266,3,0
"39","unk1",39,1,0.2703,0.4931,3.1621,33.642,0.3008,0.0386,1.0087,0.0017,-0.2667,0.6088,0.8148,0,0,0.5776,2.2203,0.6001,299.162,13.9094,173.998,391.081,18.1832,293.266,2,171.185
"40","unk1",40,-1,0.1874,-0.4861,-4.3638,-64.8887,-0.1129,0.0241,-1.7842,0.0092,-0.2116,0.5378,1,0,0,0.499,2.7184,0.5095,452.494,9.7528,173.998,498.001,10.7336,293.266,2,290
"41","unk1",41,1,0.1271,0.2559,3.4127,82.421,0.1991,0.0235,0.975,0,0.0807,0.4496,1,0,0,0.3242,2.6364,0.3352,576.31,7.2443,173.998,611.05,7.681,293.266,1,423.917
"42","unk1",42,-1,0.9843,-0.2674,-2.2514,-95.2038,0.0031,0.1378,-1.5713,0,0.6404,0.0655,0.798,0,0,0.2674,0.7181,0.7068,482.855,1227.14,173.998,571.211,1451.69,293.266,11,234.394
"43","unk1",43,1,0.2082,0.2562,1.8478,43.5063,0.1959,0.0354,0.9674,0,-0.2367,0.3494,1,0,0,0.3225,1.6296,0.3392,231.886,10.0523,173.998,274.854,11.9149,293.266,1,419.4
"44","unk1",44,-1,0.1724,-0.2395,-2.2583,-38.6074,0.0315,0.0771,-1.575,0.001,-0.3756,0.5126,1,0,0,0.2416,1.6772,0.2892,251.889,9.103,173.998,322.618,11.6591,293.266,1,394.889
"45","unk1",45,1,0.1797,0.2167,2.1822,44.066,0.1798,0.0466,0.9845,0,-0.2679,0.3944,1,0,0,0.2816,1.6864,0.303,276.358,9.4996,173.998,331.427,11.3926,293.266,2,425.556
"46","unk1",46,-1,0.1973,-0.216,-1.7935,-30.0362,0.0613,0.0798,-1.4919,5e-04,-0.4053,0.4736,1,0,0,0.2245,1.3908,0.2744,204.813,11.1578,173.998,298.158,16.2431,293.266,0,415.579
"47","unk1",47,1,0.2553,0.2597,2.3208,43.7516,0.1834,0.0406,1.052,0,-0.3574,0.3043,1,0,0,0.3179,1.3251,0.3383,275.591,20.1879,173.998,288.692,21.1476,293.266,2,473.462
"48","unk1",48,-1,0.2422,-0.2211,-1.6372,-14.371,0.1184,0.1023,-1.3375,3e-04,-0.6113,0.7221,1,0,0,0.2508,1.3301,0.3222,204.301,16.6316,173.998,341.279,27.7827,293.266,4,456.875
"49","unk1",49,1,0.174,0.2279,2.4992,48.7302,0.2206,0.0606,0.9458,0,-0.3501,0.404,1,0,0,0.3172,2.0218,0.3517,361.459,10.1704,173.998,479.431,13.4897,293.266,2,484.722
"50","unk1",50,-1,0.1746,-0.2028,-2.1057,-39.374,0.1312,0.0952,-0.9445,0,0.3837,0.4767,1,0,0,0.2416,1.8879,0.3296,300.323,11.1915,173.998,464.352,17.3041,293.266,2,462.176
"51","unk1",51,1,1.04,2.1097,10.5096,81.6057,-0.0711,0.0081,1.5855,-0.0182,1.2017,0.8152,0.625,0,0,2.1109,2.1043,2.1886,1714.25,633.442,173.998,1764.27,651.925,293.266,13,318.5
"52","unk1",52,-1,0.7039,-2.2074,-23.431,-527.319,-0.1795,0.018,-1.6301,-0.0298,0.024,0.1157,0,0,0,2.2147,3.3254,2.3408,6866.19,911.332,173.998,6992.21,928.058,293.266,9,0
"53","unk1",53,1,2.7067,0.264,1.9949,19.3966,0.467,0.0689,0.1796,1e-04,-1.081,0.9578,0.3727,0,0,0.5365,0.664,1.7973,382.382,6074.8,173.998,785.824,12484.2,293.266,40,122.996
"54","unk1",54,-1,0.1669,-0.2294,-2.3625,-38.7274,0.0224,0.0991,-1.6198,0.0029,-0.5364,0.5674,1,0,0,0.2305,1.7791,0.2968,328.738,11.4698,173.998,436.634,15.2343,293.266,2,410.765
"55","unk1",55,1,0.1394,0.2428,3.0232,65.8368,0.2131,0.0302,0.9448,0,-0.116,0.45,1,0,0,0.323,2.4224,0.3378,472.176,7.5037,173.998,502.611,7.9873,293.266,2,409.071
"56","unk1",56,-1,0.1725,-0.226,-2.0972,-39.0488,0.195,0.0905,-0.9765,0,-0.6029,0.4318,1,0,0,0.2986,2.0425,0.3523,241.845,7.0789,173.998,352.95,10.3309,293.266,0,406.706
"57","unk1",57,1,0.1511,0.234,2.582,51.8427,0.1883,0.0752,0.9574,0,-0.3296,0.4634,1,0,0,0.3004,2.3828,0.3601,336.123,7.0281,173.998,394.307,8.2447,293.266,1,471.2
"58","unk1",58,-1,0.1344,-0.2041,-2.5041,-51.2185,0.0618,0.1616,-1.382,0.0097,-0.6939,0.4922,1,0,0,0.2133,2.3984,0.3223,371.367,8.1505,173.998,593.715,13.0305,293.266,1,390.429
"59","unk1",59,1,0.1213,0.1928,2.631,60.5912,0.252,0.0448,0.7792,0,-0.1258,0.4872,1,0,0,0.3173,2.7961,0.3391,447.956,5.1149,173.998,606.211,6.9219,293.266,1,407.75
"60","unk1",60,-1,0.2415,-0.2255,-2.265,-56.1812,-0.0868,0.1601,-2.2772,0,0.9742,0.2935,1,0,0,0.2416,1.8109,0.4374,351.573,29.4952,173.998,652.05,54.7037,293.266,2,425.333
"61","unk1",61,1,0.1393,0.1988,2.5152,46.514,0.4452,0.0453,0.4571,0,-0.1802,0.57,1,0,0,0.4876,3.687,0.5137,435.309,4.5739,173.998,838.299,8.8083,293.266,2,514.357
"62","unk1",62,-1,0.1527,-0.2431,-2.8037,-66.7066,-0.1359,0.1029,-1.8691,0,0.3889,0.3976,1,0,0,0.2785,2.3125,0.3532,410.263,9.4955,173.998,576.279,13.3379,293.266,2,533.067
"63","unk1",63,1,0.747,1.5873,9.9986,121.39,0.4655,0.212,0.5948,-0.0346,-0.8768,0.9519,0.1467,0,0,1.6542,4.0545,3.0286,4287.54,883.858,173.998,4689.58,966.737,293.266,10,74.4133
"64","unk1",64,-1,0.2177,-1.7757,-25.6134,-882.903,0.3385,0.0623,-1.4173,0,0.2318,0.1857,0,0,0,1.8077,9.4223,2.0508,7969.66,68.9037,173.998,8567.39,74.0716,293.266,2,0
"65","unk1",65,1,0.4016,0.519,3.4893,60.5499,0.1807,0.0625,1.097,0,0.6857,0.7902,0.4146,0,0,0.5496,1.5322,0.6154,775.006,101.935,173.998,922.413,121.323,293.266,5,111.707
"66","unk1",66,-1,0.1539,-0.2991,-3.1787,-52.4509,-0.0164,0.0823,-1.7598,0.0057,-0.3594,0.5465,1,0,0,0.2995,2.4367,0.375,404.719,8.878,173.998,532.115,11.6726,293.266,0,309.667
"67","unk1",67,1,0.1362,0.282,3.3452,78.7412,0.2897,0.0424,0.8349,0,-0.1724,0.4558,1,0,0,0.4043,3.1555,0.4299,487.28,5.8368,173.998,659.933,7.9049,293.266,1,367.857
"68","unk1",1,1,1.685,0.4696,5.4974,68.0733,1.3221,0.0636,0.1671,0,0.342,0.9531,1,0,0,1.403,2.378,4.007,1107.7,2057.5,7634.21,1664.72,3092.15,33368.3,15,455.254
"69","unk1",2,-1,3.5534,-1.7243,-31.369,-1050.77,-14.5976,0.0107,-3.0592,0.0073,1.1679,0.1295,0.6085,0,0,14.6991,7.615,27.0589,14332.9,16410.6,7634.21,176682,202295,33368.3,39,228.099
"70","unk1",3,1,1.2354,0.2846,2.3681,47.2086,1.8713,0.0475,0.0266,0,0.6256,0.8872,0.8548,0,0,1.8928,2.0487,2.531,552.533,350.138,7634.21,1365.52,865.324,33368.3,12,317.29
"71","unk1",4,-1,4.869,-0.3476,-3.1859,-76.5418,2.5446,0.0552,-0.1314,-0.0012,0.3377,0.9847,0.8131,0,0,2.5682,1.6889,8.2232,1717.25,24733.3,7634.21,2386.67,34374.9,33368.3,40,299.694
"72","unk1",5,1,0.3936,1.8468,8.2742,68.2234,0.3715,0.114,1.362,0,-0.8842,0.7875,0.1026,0,0,1.8838,6.2418,2.4567,995.658,36.3226,7634.21,1810.92,66.064,33368.3,5,50.6667
"73","unk1",6,-1,0.2762,-1.7718,-13.7323,-277.205,0.2282,0.0282,-1.4358,0,-0.1067,0.2546,0,0,0,1.7864,6.7337,1.8598,1748.76,27.7482,7634.21,2007.21,31.8491,33368.3,4,0
"74","unk1",7,1,2.9637,0.1295,4.1165,95.154,1.9139,0.0657,-0.0601,0.5663,1.5323,0.2551,0.8885,0,0,1.9182,2.019,5.9839,1700.96,9481.51,7634.21,2065.64,11514.3,33368.3,27,325.912
"75","unk1",8,-1,1.7538,-0.0736,-4.9344,-83.5625,0.4194,0.2708,-0.9212,0,1.372,0.7397,0.6114,0,0,0.4258,1.5509,2.7199,1179.18,7976.48,7634.21,2174.2,14707.2,33368.3,23,261.234
"76","unk2",1,1,0.0755,0.1023,2.3266,76.0597,-0.0682,0.0453,1.9826,0,0,0.5684,1,0,0,0.1229,1.8277,0.1379,945.088,8.503,17.3613,987.691,8.8863,25.7289,1,315.143
"77","unk2",2,-1,0.1736,-0.4843,-4.1872,-108.079,-0.072,0.137,-1.8624,0,-0.5681,0.4666,1,0,0,0.4896,4.2006,0.7292,479.522,8.6968,17.3613,713.247,12.9358,25.7289,1,329.889
"78","unk2",3,1,0.1695,0.454,4.093,81.19,0.2791,0.1032,1.0961,0,-0.5044,0.5096,1,0,0,0.533,4.0792,0.6914,433.899,6.8087,17.3613,674.479,10.5838,25.7289,1,402.176
"79","unk2",4,-1,0.4294,-0.4416,-2.118,-76.6778,0.203,0.1955,-0.9084,0.0137,-0.8741,0.1081,0.5116,0,0,0.486,2.1163,0.9087,742.073,130.441,17.3613,1186.65,208.589,25.7289,5,147.814
"80","unk2",5,1,0.1389,0.2131,2.6607,74.8842,0.1571,0.044,1.0373,0,-0.1546,0.3872,1,0,0,0.2648,2.0892,0.2901,487.196,9.3507,17.3613,553.277,10.619,25.7289,1,360.286
"81","unk2",6,-1,0.167,-0.23,-2.2618,-38.3353,0.0719,0.1212,-1.4483,0.004,-0.6049,0.506,1,0,0,0.241,2.0034,0.3345,248.16,8.2951,17.3613,440.347,14.7192,25.7289,1,329.125
"82","unk2",7,1,0.1736,0.187,2.1502,46.1019,0.1801,0.0603,0.9089,0,-0.3008,0.3666,1,0,0,0.2597,1.6464,0.2858,332.103,11.3512,17.3613,377.635,12.9075,25.7289,2,339.444
"83","unk2",8,-1,0.3417,-0.2756,-1.9484,-18.1819,0.077,0.0684,-1.5113,4e-04,0.3905,0.7688,1,0,0,0.2861,0.9945,0.3398,188.485,31.7975,17.3613,280.394,47.3025,25.7289,2,359.118
"84","unk2",9,1,0.2292,0.2678,2.305,47.0007,0.1486,0.0552,1.2063,0,-0.4251,0.3582,1,0,0,0.3063,1.509,0.3459,267.596,15.5402,17.3613,324.856,18.8655,25.7289,2,418.957
"85","unk2",10,-1,0.1021,-0.0116,-0.2072,-5.8659,0.0564,0.0565,-0.1626,1e-04,-0.0639,0.5045,1,0,0,0.0576,0.8211,0.0838,59.8322,2.4483,17.3613,355.332,14.5403,25.7289,0,424.5
"86","unk2",11,1,0.1087,0.0238,0.3545,8.4919,0.2182,0.0135,0.1166,0,-0.027,0.5427,1,0,0,0.2195,2.041,0.2218,109.415,1.373,17.3613,532.564,6.6831,25.7289,1,328.455
"87","unk2",12,-1,0.1832,-0.3171,-3.0636,-49.9821,0.3022,0.1282,-0.9522,0,-0.9904,0.4961,1,0,0,0.438,3.1875,0.584,362.633,8.4099,17.3613,828.094,19.2044,25.7289,1,444.556
"88","unk2",13,1,0.1339,0.1656,2.1219,45.9069,1.0302,0.0052,0.1746,0,0.0178,0.4603,0.0714,0,0,1.0434,7.8041,1.0451,343.815,1.529,17.3613,1426.54,6.3441,25.7289,1,7.57143
"89","unk2",14,-1,0.0915,-0.0915,-1.6358,-46.7958,-0.2218,0.0338,-2.78,0,0.0449,0.518,0,0,0,0.2399,3.1205,0.2855,428.415,3.1977,17.3613,890.986,6.6503,25.7289,1,0
"90","unk2",15,1,0.323,0.2877,2.6334,60.2175,-0.319,0.0325,2.3062,-0.0181,0.0313,0.1963,0,0,0,0.4296,1.4445,0.4666,418.822,40.888,17.3613,455.052,44.425,25.7289,4,0
"91","unk2",16,-1,0.209,-0.2138,-1.8938,-25.9158,-0.1227,0.0333,-2.0582,0,-0.3207,0.5159,0,0,0,0.2465,1.2216,0.2553,203.534,11.656,17.3613,264.395,15.1414,25.7289,3,0
"92","unk2",17,1,0.3837,0.2971,2.3977,54.279,0.6515,0.0141,0.3849,0.0238,0.2063,0.4699,0,0,0,0.7161,1.9277,0.7397,692.048,62.3266,17.3613,1223.59,110.198,25.7289,4,0
"93","unk2",18,-1,0.0762,-0.0062,-0.1361,-1.3958,-0.0272,0.0053,-2.9028,0,0,0.7424,0,0,0,0.0279,0.3674,0.028,122.875,4.9881,17.3613,151.819,6.163,25.7289,1,0
"94","unk2",19,1,0.1191,0.1115,1.5801,37.2659,-0.1077,0.0132,2.269,0,-0.0141,0.5204,0.9167,0,0,0.1551,1.3336,0.1588,340.682,7.6002,17.3613,365.742,8.1592,25.7289,1,190.333
"95","unk2",20,-1,0.1931,-0.5025,-4.2317,-66.3519,-0.2716,0.0398,-1.9779,0,0.1821,0.5128,1,0,0,0.5712,3.1414,0.6067,401.173,8.1408,17.3613,459.974,9.3341,25.7289,1,364.421
"96","unk2",21,1,0.0807,0.0579,1.1197,59.1338,0.005,0.25,1.9328,0,0,0.4829,1,0,0,0.0581,1.6842,0.1359,348.36,7.8435,17.3613,471.581,10.6178,25.7289,1,408
"97","unk2",22,-1,0.0795,-0.0525,-1.0204,-40.9011,0.3641,0.0039,-0.1647,-0.0062,0,0.508,1,0,0,0.3678,4.6557,0.37,326.858,1.1191,17.3613,673.429,2.3058,25.7289,1,306.5
"98","unk2",23,1,0.2177,0.1683,2.197,53.2139,0.3066,0.0394,0.5478,0,0.1054,0.2609,1,0,0,0.3498,1.8246,0.3971,422.431,18.876,17.3613,504.558,22.5457,25.7289,2,401.909
"99","unk2",24,-1,0.1877,-0.2355,-1.9659,-31.6661,-0.0644,0.1847,-2.0328,-2e-04,-0.6706,0.5813,1,0,0,0.2441,2.2904,0.4299,273.099,12.0717,17.3613,460.743,20.3661,25.7289,2,450.158
"100","unk2",25,1,0.1782,0.3237,2.9558,60.8477,0.158,0.098,1.1787,0,-0.4735,0.4227,1,0,0,0.3602,2.6927,0.4799,328,8.6362,17.3613,483.327,12.7259,25.7289,1,487.471
"101","unk2",26,-1,0.125,-0.1161,-1.5015,-30.5369,0.0626,0.144,-1.1608,0.0087,-0.8019,0.5151,1,0,0,0.1319,1.588,0.1985,248.314,7.3562,17.3613,328.363,9.7276,25.7289,1,425
"102","unk2",27,1,0.1377,0.1491,1.9491,47.9366,0.1929,0.0437,0.7405,0,-0.1502,0.411,1,0,0,0.2438,1.8798,0.2589,343.69,7.0172,17.3613,432.342,8.8272,25.7289,2,456.071
"103","unk2",28,-1,0.2791,-0.2652,-2.1023,-27.7069,-0.0649,0.0232,-1.7805,2e-04,-0.2497,0.4147,1,0,0,0.273,0.9915,0.2767,224.281,23.9009,17.3613,256.714,27.3572,25.7289,1,489.393
"104","unk2",29,1,0.2022,0.2594,2.548,34.6831,0.1052,0.041,1.2481,-3e-04,0.328,0.583,1,0,0,0.2799,1.4672,0.2967,309.161,14.3646,17.3613,335.702,15.5978,25.7289,2,527.5
"105","unk2",30,-1,0.1592,-0.2486,-2.4323,-43.6104,0.1745,0.038,-1.0648,0,-0.1609,0.5307,1,0,0,0.3037,2.026,0.3226,287.301,6.7652,17.3613,335.474,7.8996,25.7289,1,455.063
"106","unk2",31,1,0.135,0.2086,2.6742,60.8307,0.3086,0.0208,0.6989,0,0.0519,0.4477,1,0,0,0.3725,2.847,0.3843,435.856,5.5393,17.3613,445.698,5.6644,25.7289,1,479.692
"107","unk2",32,-1,0.2939,-0.2264,-2.1745,-44.3624,-0.0377,0.1742,-2.4448,0,2.0316,0.765,1,0,0,0.2295,1.7491,0.5141,440.052,63.4933,17.3613,599.412,86.4868,25.7289,3,460.4
"108","unk2",33,1,0.1602,0.3837,4.0729,69.2612,0.1941,0.0426,1.1774,0,-0.2508,0.4991,1,0,0,0.43,2.8938,0.4635,491.009,8.2894,17.3613,526.095,8.8817,25.7289,1,546.125
"109","unk2",34,-1,0.1552,-0.3434,-3.6373,-60.7442,0.091,0.0798,-1.4033,0.0052,-0.4166,0.5162,1,0,0,0.3553,2.7264,0.4231,424.852,8.0212,17.3613,620.184,11.7091,25.7289,1,503.533
"110","unk2",35,1,0.1909,0.1897,2.286,66.6945,0.2927,0.0525,0.6088,0,0.2573,0.2806,1,0,0,0.3488,1.9784,0.3776,411.667,13.2821,17.3613,568.158,18.3312,25.7289,2,495
"111","unk2",36,-1,0.2028,-0.2434,-1.9055,-26.3983,-0.0673,0.1395,-1.9744,0,-0.7016,0.6066,1,0,0,0.2526,1.8643,0.3781,219.031,11.3628,17.3613,379.708,19.6984,25.7289,2,482.429
"112","unk2",37,1,0.1551,0.2324,2.5362,52.4652,0.1191,0.0749,1.2161,0,-0.3457,0.4427,1,0,0,0.2611,2.0262,0.3142,326.653,8.3772,17.3613,430.394,11.0377,25.7289,1,449.733
"113","unk2",38,-1,0.1071,-0.0844,-1.2732,-31.7229,0.065,0.1217,-0.9874,0.0019,-0.5319,0.507,1,0,0,0.1065,1.3417,0.1437,256.78,6.3968,17.3613,355.583,8.8581,25.7289,1,420.364
"114","unk2",39,1,0.1036,0.0934,1.4382,40.6687,0.1714,0.0347,0.5572,0,-0.0526,0.4836,1,0,0,0.1952,1.9609,0.2031,310.724,3.8885,17.3613,452.367,5.6611,25.7289,1,498
"115","unk2",40,-1,0.149,-0.2624,-3.001,-59.7473,-0.0635,0.0018,-1.8129,0,0.0099,0.4642,1,0,0,0.27,1.8135,0.2703,413.627,9.2881,17.3613,433.429,9.7328,25.7289,1,533.8
"116","unk2",41,1,0.1251,0.2096,2.7778,58.3201,0.1494,0.0319,0.9723,0,0.1431,0.5101,1,0,0,0.2574,2.1197,0.2652,460.797,7.0051,17.3613,556.352,8.4577,25.7289,1,603.692
"117","unk2",42,-1,0.1275,-0.2118,-2.8298,-69.9286,0.152,0.0439,-1.0743,0,-0.1671,0.4454,1,0,0,0.2607,2.2125,0.2822,485.315,7.6459,17.3613,568.151,8.951,25.7289,1,554.083
"118","unk2",43,1,0.1682,0.2766,3.1142,45.8928,0.6546,0.0268,0.4461,0,0.2059,0.5267,0.3529,0,0,0.7106,4.3179,0.7262,469.28,5.4168,17.3613,1152.02,13.2975,25.7289,1,193.176
"119","unk2",44,-1,0.2933,-0.3335,-3.5944,-62.9095,-0.124,0.1343,-2.1752,0,1.3275,0.2616,0,0,0,0.3558,1.9981,0.586,695.154,64.3657,17.3613,1027.4,95.1292,25.7289,3,0
"120","unk2",45,1,0.3092,0.4708,3.9176,58.4915,0.3157,0.0419,0.8883,-0.0173,-1.2994,0.6768,0.7419,0,0,0.5668,2.0642,0.6383,440.394,29.2071,17.3613,658.14,43.6481,25.7289,3,234.161
"121","unk2",46,-1,0.1814,-0.4958,-4.6885,-55.4066,-0.1282,0.0186,-1.8149,0,-0.1802,0.5731,1,0,0,0.5121,2.8527,0.5176,487.661,9.4418,17.3613,516.93,10.0084,25.7289,1,415.211
"122","unk2",47,1,0.1404,0.3458,4.1298,81.134,0.2017,0.0366,1.08,0.0049,0.1562,0.4853,1,0,0,0.4004,2.9784,0.4182,577.565,7.5373,17.3613,611.938,7.9858,25.7289,1,553.143
"123","unk2",48,-1,0.1627,-0.296,-2.8441,-78.322,0.0072,0.0943,-1.5598,0,0.475,0.4843,1,0,0,0.2961,2.3526,0.3828,323.547,8.2518,17.3613,376.147,9.5933,25.7289,1,475.188
"124","unk2",49,1,0.1214,0.0704,1.1376,46.4881,-0.1121,0.0267,2.4996,0,0.0495,0.3543,1,0,0,0.1324,1.1246,0.1366,301.659,8.2819,17.3613,364.611,10.0103,25.7289,2,489.167
"125","unk2",50,-1,0.1515,-0.1217,-1.4413,-22.7341,0.2644,0.0259,-0.4801,-1e-04,-0.2757,0.6391,1,0,0,0.291,1.9744,0.2991,270.44,5.87,17.3613,426.137,9.2495,25.7289,2,518.4
"126","unk2",51,1,0.155,0.2341,2.6593,60.1024,0.1642,0.0605,1.0786,0,-0.295,0.4062,1,0,0,0.286,2.047,0.3174,385.838,9.031,17.3613,410.865,9.6168,25.7289,2,509.75
"127","unk2",52,-1,0.1584,-0.2037,-2.0947,-33.7141,0.0739,0.0628,-1.4045,2e-04,-0.2893,0.5455,1,0,0,0.2167,1.5888,0.2517,255.422,8.3282,17.3613,332.072,10.8274,25.7289,0,505.333
"128","unk2",53,1,0.1663,0.235,2.6623,56.3074,0.156,0.0576,1.0644,0,-0.3097,0.3952,1,0,0,0.2821,1.8466,0.3071,398.916,11.2748,17.3613,451.364,12.7572,25.7289,2,502.882
"129","unk2",54,-1,0.2023,-0.2876,-2.327,-31.723,0.0665,0.0771,-1.5575,0.0018,-0.3951,0.6008,1,0,0,0.2952,1.7743,0.359,278.109,12.271,17.3613,398.055,17.5634,25.7289,2,521.8
"130","unk2",55,1,0.1693,0.2645,2.9597,68.3663,0.2032,0.0536,0.9933,0,-0.2681,0.3672,1,0,0,0.3335,2.1316,0.361,448.577,11.2215,17.3613,508.352,12.7168,25.7289,2,554.118
"131","unk2",56,-1,0.2575,-0.2282,-2.0967,-25.7281,0.0385,0.0585,-1.5232,0.0012,-0.8578,0.6109,1,0,0,0.2314,1.0447,0.269,271.402,27.8996,17.3613,299.319,30.7695,25.7289,3,553
"132","unk2",57,1,0.2577,0.3914,3.8232,62.3722,0.0592,0.0614,1.5154,0,-0.9632,0.4428,0.3846,0,0,0.3959,1.8389,0.4738,547.109,32.9364,17.3613,636.241,38.3022,25.7289,3,172.615
"133","unk2",58,-1,0.3532,-0.3547,-2.0294,-19.8194,-0.1451,0.0415,-1.9286,0.0305,0.3421,0.6504,0.1429,0,0,0.3833,1.1479,0.4054,270.498,36.9939,17.3613,369.607,50.5481,25.7289,5,52.4286
"134","unk2",59,1,0.0949,0.0046,0.1072,3.2068,0.0016,0.1701,0.6148,0,-0.1141,0.7204,0,0,0,0.0049,0.1369,0.013,58.1098,23.4789,17.3613,137.619,55.6042,25.7289,0,0
"135","unk2",60,-1,0.4523,-0.0745,-0.642,-15.2737,-0.2439,0.0518,-2.9185,0,0.0534,0.5992,0.0444,0,0,0.255,0.74,0.3347,183.28,69.8997,17.3613,531.811,202.824,25.7289,4,3.24444
"136","unk2",61,1,0.2216,0.3902,3.3572,36.4351,0.2525,0.0646,1.0861,0.0047,-0.6523,0.5633,1,0,0,0.4648,2.3185,0.5137,346.872,12.1931,17.3613,724.182,25.4562,25.7289,3,325.864
"137","unk2",62,-1,0.1829,-0.4163,-3.91,-64.6333,0.1112,0.0786,-1.2156,0,0.3935,0.475,1,0,0,0.4309,2.9891,0.5468,420.607,9.8782,17.3613,550.886,12.9379,25.7289,2,471.278
"138","unk2",63,1,0.0957,0.0676,1.146,47.8558,-0.1766,0.0221,2.7431,0,0.0254,0.447,1,0,0,0.1891,2.0086,0.1921,284.201,3.0079,17.3613,398.98,4.2227,25.7289,1,573.8
"139","unk2",64,-1,0.0957,-0.0756,-1.2768,-31.8548,0.2019,0.0224,-0.4219,0,-0.0509,0.5519,1,0,0,0.2156,2.3089,0.2209,326.555,3.0322,17.3613,430.706,3.9993,25.7289,1,595.667
"140","unk2",65,1,0.1724,0.3321,3.3733,63.4429,0.244,0.0688,1.0425,0,-0.4249,0.4343,1,0,0,0.4121,2.6707,0.4605,412.755,8.7437,17.3613,482.846,10.2284,25.7289,2,597.5
"141","unk2",66,-1,0.1642,-0.2543,-2.7659,-52.8305,0.0996,0.0758,-1.3801,0,-0.2478,0.4455,1,0,0,0.2731,1.9781,0.3247,379.72,10.7378,17.3613,546.208,15.4458,25.7289,1,601.875
"142","unk2",67,1,0.2345,0.4625,5.216,97.8883,-0.0105,0.0564,1.6856,0,-0.438,0.3472,0.4167,0,0,0.4626,2.2989,0.5392,925.924,37.701,17.3613,977.26,39.7912,25.7289,3,216.625
"143","unk2",68,-1,0.3137,-0.4773,-2.8736,-44.4714,0.0661,0.0291,-1.5503,0.0318,-0.0036,0.3051,0.4839,0,0,0.4818,1.7111,0.5368,836.349,67.6677,17.3613,1001.81,81.0547,25.7289,4,176.484
"144","unk2",69,1,0.1577,0.277,2.9616,92.9066,0.149,0.0367,1.1805,0,-0.1751,0.3496,1,0,0,0.3146,2.1235,0.3349,518.671,11.5122,17.3613,562.15,12.4772,25.7289,2,452.438
"145","unk2",70,-1,0.167,-0.2377,-2.3338,-38.3905,-0.0398,0.0105,-1.7618,0,-0.0369,0.5227,1,0,0,0.241,1.4547,0.243,260.805,8.7227,17.3613,298.605,9.9869,25.7289,0,509.75
"146","unk2",71,1,0.4008,0.2422,2.0713,48.2126,0.1148,0.0293,1.2251,0,-0.0237,0.149,1,0,0,0.268,0.701,0.281,333.647,89.5496,17.3613,397.169,106.599,25.7289,3,547.2
"147","unk2",72,-1,0.2627,-0.3335,-1.8854,-24.8619,0.1451,0.0862,-1.351,0,-0.1356,0.5056,1,0,0,0.3637,1.6499,0.4334,189.495,13.0274,17.3613,337.25,23.1853,25.7289,1,588.815
"148","unk2",73,1,0.2178,0.3315,2.0865,48.1041,0.1342,0.0792,1.2373,0,-0.5431,0.6314,1,0,0,0.3576,2.025,0.4411,306.396,13.4181,17.3613,364.376,15.9572,25.7289,3,597.762
"149","unk2",74,-1,0.1533,-0.251,-2.6829,-46.422,0.025,0.1056,-1.5648,0.0215,-0.5711,0.5166,1,0,0,0.2523,2.1809,0.3344,326.832,8.4325,17.3613,371.781,9.5922,25.7289,1,581.125
"150","unk2",75,1,0.143,0.2554,3.0045,58.4131,0.2815,0.0335,0.85,0,-0.1542,0.4865,1,0,0,0.3801,2.7931,0.3993,413.101,5.9403,17.3613,498.281,7.1651,25.7289,1,572.643
